Species,Difficulty,Filename,ExtraInfo,PhotoLocation,PhotoDate
Black-bellied Whistling Duck,3,DSCN5598.jpg,,"Houston, TX",8/12/2013
Fulvous Whistling Duck,3,fulviousDSCN6154.jpg,,TX,8/13/2013
Greater White-fronted Goose,3,DSCN3262.JPG,,"Oregon, IL",2/17/2013
Cackling Goose,3,DSCN9271cackling.jpg,,"Northfield, MN",12/17/2013
Canada Goose,1,DSCN7633canada.jpg,,"Barrington Hills, IL",5/12/2013
Mute Swan,2,DSCN5089.jpg,,"Austin, TX",8/10/2013
Black Swan,2,DSCN7677blackswan.jpg,,"Orlando, FL",10/12/2013
Black-necked Swan,2,DSCN7754blacknecked.jpg,,"Orlando, FL",10/12/2013
Trumpeter Swan,2,DSCN1937swan.jpg,,"Eldridge/Dewitt, IA",1/19/2013
Tundra Swan,2,DSCN2121swans.jpg,,"LeClaire, IA",1/21/2013
Muscovy Duck,2,DSCN7914muscovy.jpg,,"Kissamee, FL",10/13/2013
Wood Duck,1,DSCN9095WOODDUCK.jpg,male,"Barrington Hills, IL",5/28/2013
Wood Duck,1,DSCN9093WOODDUCK.jpg,female,"Barrington Hills, IL",5/28/2013
Gadwall,3,DSCN2219gadwall male.jpg,male,"Davenport, IA",1/23/2013
Gadwall,3,DSCN2225female gadwall.jpg,female,"Davenport, IA",1/23/2013
American Wigeon,3,DSCN8121wigeon.jpg,,"Barrington Hills, IL",10/26/2013
American Black Duck,3,DSCN9811AmericanBlack.jpg,,"Carpenterville, IL",1/19/2014
Mallard,1,DSCN1037crop male mallard duck.jpg,male,"Northfield, MN",1/9/2013
Mallard,1,DSCN1055crop female mallard duck.jpg,female,"Northfield, MN",1/10/2013
Blue-winged Teal,3,DSCN5885teal.JPG,male,"Moline, IL",4/7/2013
Blue-winged Teal,3,DSCN5881teal female.jpg,female,"Moline, IL",4/7/2013
Cinnamon Teal,3,DSCN5638cinnamon.jpg,,"Lexington, KY",3/30/2013
Northern Shoveler,2,DSCN6403northernshoveler.jpg,male,"Davenport, IA",4/13/2013
Northern Shoveler,2,DSCN6412northernshoveler.jpg,female,"Davenport, IA",4/13/2013
Northern Pintail,3,DSCN8363Pintail.jpg,male,"Davenport, IA",11/9/2013
Green-winged Teal,3,DSCN8104greeneinged.jpg,,"Barrington Hills, IL",10/26/2013
Canvasback,3,DSCN2591canvasback.jpg,male,"Davenport, IA",1/26/2013
Canvasback,3,DSCN3604_female canvas back.JPG,female,"LeClaire, IA",2/24/2013
Redhead,2,DSCN3272redhead.jpg,,"Palatine, IL",7/27/2013
Ring-necked Duck,2,DSCN6155ringnecked.jpg,male,"Davenport, IA",4/13/2013
Ring-necked Duck,2,DSCN6160femaleringneck.jpg,female,"Davenport, IA",4/13/2013
Greater Scaup,3,DSCN1060greaterscaup.jpg,male,"Chicago, IL",2/23/2014
Lesser Scaup,3,DSCN5028lesser.jpg,male,"Davenport, IA",3/21/2013
Lesser Scaup,3,DSCN2821lesserfemale.jpg,female,"Davenport, IA",1/28/2013
Harlequin Duck,2,DSCN9772harlequin.jpg,female,"Elgin, IL",1/19/2014
White-winged Scoter,3,DSCN1013scoter.jpg,male,"Chicago, IL",2/23/2014
White-winged Scoter,3,DSCN0748femalewhitewinged.jpg,female,"Geneva, IL",2/9/2014
Long-tailed Duck,3,DSCN1056longtailed.jpg,male,"Chicago, IL",2/23/2014
Long-tailed Duck,3,DSCN1041longtailedfemale.jpg,female,"Chicago, IL",2/23/2014
Bufflehead,3,DSCN4802buffle.JPG,male,"Oregon, IL",3/17/2013
Bufflehead,3,DSCN2783femalebufflehead.jpg,female,"Davenport, IA",1/26/2013
Common Goldeneye,3,DSCN3798crop.jpg,male,"West Dundee, IL",3/2/2013
Common Goldeneye,3,DSCN3797crop.jpg,female,"West Dundee, IL",3/2/2013
Hooded Merganser,3,DSCN4871hooded.JPG,male,"Davenport, IA",3/19/2013
Hooded Merganser,3,DSCN9067HOODEDFEMALE.jpg,female,"Barrington Hills, IL",5/28/2013
Common Merganser,3,DSCN9936commonmale.jpg,male,"Marquette, MI",6/3/2013
Common Merganser,3,DSCN4930commonM.JPG,female in center,"Davenport, IA",3/19/2013
Red-breasted Merganser,3,DSCN9908redbreastedmale.jpg,male,"Marquette, MI",6/3/2013
Red-breasted Merganser,3,DSCN9901.jpg,female,"Marquette, MI",6/3/2013
Ruddy Duck,3,DSCN4949ruddy.jpg,female and two males,"Davenport, IA",3/19/2013
California Quail,1,DSCN3408.jpg,male,"Spirit Lake, ID",7/30/2013
California Quail,1,DSCN0133femalecalquail.jpg,female,"Spirit Lake, ID",7/4/2014
California Quail,1,babyquailDSCN3717.jpg,young,"Spirit Lake, ID",8/1/2013
Northern Bobwhite,2,DSCN8740bobwhite.jpg,male,"Perryville, KY",5/24/2013
Northern Bobwhite,2,DSCN6832quail.jpg,female,"near Beardstown, IL",4/27/2013
Wild Turkey,1,DSCN9602wildturkey.jpg,male,"near Harvey, MI",6/2/2013
Wild Turkey,1,DSCN9612turkeyfemale.jpg,female,"near Harvey, MI",6/2/2013
Common Loon,1,DSCN0975.jpg,,"Harvey, MI",6/7/2013
Pied-billed Grebe,3,DSCN3481cropGrebe.jpg,,"Davenport, IA",2/23/2013
Pied-billed Grebe,3,summergrebeDSCN4305.jpg,summer color,"near Post Falls, ID",8/5/2013
Pied-billed Grebe,3,imaturepiedDSCN4118.jpg,immature,"Near Spirit Lake, ID",8/4/2013
Horned Grebe,3,DSCN5833hornedgrebe.jpg,,"Moline, IL",4/7/2013
Red-necked Grebe,3,redneckedDSCN3649.jpg,,"Spirit Lake, ID",7/31/2013
Red-necked Grebe,3,DSCN9595redneckedbaby.jpg,immature,"Spirit Lake, ID",7/3/2014
Eared Grebe,3,DSCN9007eared.jpg,,"San Francisco, CA",12/10/2013
Western Grebe,3,westerngrebeDSCN4421.jpg,,"near Nine Mile Falls, WA",8/6/2013
Wood Stork,2,DSCN7793stork.jpg,,"Orlando, FL",10/12/2013
Magnificent Frigatebird,3,DSCN6518frigate.jpg,,TX,8/13/2013
Brandt's Cormorant,3,DSCN8946brandts.JPG,,"San Francisco, CA",12/10/2013
Neotropic Cormorant,3,DSCN5793cormoran.jpg,,"Houston, TX",8/12/2013
Double-crested Cormorant,3,DSCN6257crop_comerant.JPG,,"Davenport, IA",4/13/2013
Double-crested Cormorant,3,youngcormDSCN3605.jpg,immature,"Spirit Lake, ID",7/31/2013
Anhinga,3,DSCN7462Anhinga.jpg,male,"Winter Park, FL",10/10/2013
Anhinga,3,DSCN7912.jpg,female,"Kissamee, FL",10/13/2013
American White Pelican,1,DSCN6273crop.JPG,,"Davenport, IA",4/13/2013
Brown Pelican,1,DSCN6457.jpg,,"Bolivar Peninsula, TX",8/13/2013
Great Blue Heron,1,DSCN1390.jpg,,"Davenport, IA",6/14/2013
Great Egret,1,DSCN7458.jpg,,"Barrington, IL",5/5/2013
Snowy Egret,2,DSCN5874snowy.jpg,,"Houston, TX",8/12/2013
Little Blue Heron,2,DSCN9166littleblue.jpg,,"Davenport, IA",5/29/2013
Little Blue Heron,2,DSCN7494LittleBluewhite.jpg,immature,"Winter Park, FL",10/10/2013
Tricolored Heron,3,DSCN6033tricolor.jpg,,TX,8/13/2013
Reddish Egret,3,DSCN6569reddishegret.jpg,,TX,8/13/2013
Cattle Egret,2,DSCN5532.jpg,,TX,8/12/2013
Green Heron,3,DSCN2192.jpg,,IN,7/5/2013
Black-crowned Night-Heron,2,DSCN5916blackcrowned.jpg,,"Houston, TX",8/12/2013
Yellow-crowned Night-Heron,2,DSCN5081.jpg,,"Austin, TX",8/10/2013
Yellow-crowned Night-Heron,2,DSCN5738yellowcrownedimm.jpg,immature,"Houston, TX",8/12/2013
White Ibis,2,DSCN7706.jpg,,"Orlando, FL",10/12/2013
White Ibis,2,DSCN7831immature white.jpg,immature,"Orlando, FL",10/12/2013
White-faced Ibis,2,DSCN6304ibis.jpg,immature,TX,8/13/2013
Roseate Spoonbill,1,DSCN6652spoonbill.jpg,,TX,8/13/2013
Black Vulture,1,DSCN5525blackvulture.jpg,,"Danville, KY",3/29/2013
Turkey Vulture,1,DSCN9735turkeyV.jpg,,KY,5/24/2014
Osprey,1,DSCN3871osprey.jpg,,ID,8/3/2013
Northern Harrier,2,DSCN8636Harrier.jpg,,"Meredosia, IL",11/24/2013
Cooper's Hawk,2,DSCN2565.jpg,,"Davenport, IA",1/26/2013
Bald Eagle,1,DSCN2485.jpg,,"Rock Island, IL",1/25/2013
Red-shouldered Hawk,3,DSCN7508redshouldered.jpg,,"Winter Park, FL",10/10/2013
Broad-winged Hawk,3,DSCN7619broadwinged.jpg,,"Barrington Hills, IL",5/12/2013
Swainson's Hawk,3,DSCN5920swainsons.jpg,,"Houston, TX",8/12/2013
Red-tailed Hawk,1,DSCN2035redtail.jpg,,"Davenport, IA",1/20/2013
Red-tailed Hawk,1,DSCN3708juv_red.jpg,young,"Davenport, IA",2/24/2013
Rough-legged Hawk,3,DSCN2064_rough-legged.jpg,,"Davenport, IA",1/21/2013
Clapper Rail,3,DSCN6393clapper.jpg,,"Bolivar Peninsula, TX",8/13/2013
Sora,3,DSCN0066soracrop.jpg,,"Hoffman Estates, IL",5/3/2014
Purple Gallinule,3,DSCN6099purplegallinule.jpg,,TX,8/13/2013
Purple Gallinule,3,DSCN6182purplegallinuleimm.jpg,immature,TX,8/13/2013
Common Gallinule,3,DSCN7628gallinule.jpg,,"Orlando, FL",10/12/2013
American Coot,2,DSCN3134coot.jpg,,"Davenport, IA",2/16/2013
American Coot,2,youngcootDSCN3637.jpg,immature,"Spirit Lake, ID",7/31/2013
Limpkin,3,DSCN7924Limpkin.jpg,,"Kissamee, FL",10/13/2013
Sandhill Crane,1,DSCN7584sandhill.jpg,,"Barrington Hills, IL",5/12/2013
Black-necked Stilt,3,DSCN5991.jpg,,TX,8/13/2013
American Avocet,1,DSCN5331.jpg,,"Leander,TX",8/11/2013
American Oyster Catcher,3,DSCN6345americanoyster.jpg,,"Bolivar Peninsula, TX",8/13/2013
Black-bellied Plover,3,DSCN6371plover.jpg,,"Bolivar Peninsula, TX",8/13/2013
Killdeer,1,DSCN3022killdeer.jpg,,"Davenport, IA",7/21/2013
Spotted Sandpiper,3,DSCN9335spotted.jpg,,"Manitowoc, WI",6/1/2013
Spotted Sandpiper,3,DSCN3945.jpg,non-breeding,"Sandpoint, ID",8/3/2013
Solitary Sandpiper,3,DSCN7114solitary.jpg,,"Davenport, IA",4/30/2013
Greater Yellowlegs,3,DSCN8317greater.jpg,,"Davenport, IA",11/9/2013
Willet,3,DSCN6669willet.jpg,,TX,8/13/2013
Lesser Yellowlegs,3,DSCN6995lessers.jpg,,"near Beardstown, IL",4/28/2013
Long-billed Curlew,1,DSCN6473curlew.jpg,,TX,8/13/2013
Marbled Godwit,3,DSCN6486godwit.jpg,,TX,8/13/2013
Ruddy Turnstone,3,DSCN6438ruddyturnstone.jpg,,"Bolivar Peninsula, TX",8/13/2013
Stilt Sandpiper,3,DSCN5972stiltsandpiper.jpg,,TX,8/13/2013
Baird's Sandpiper,3,DSCN5504.jpg,,"Austin, TX",8/11/2013
Least Sandpiper,3,DSCN5374least.jpg,,"Austin, TX",8/11/2013
Long-billed Dowitcher,1,DSCN5961dowitcher.jpg,,TX,8/13/2013
Wilson's Phalarope,3,DSCN5486phalerope.jpg,,"Austin, TX",8/11/2013
Bonaparte's Gull,2,DSCN9439bonapart.jpg,,"Manitowoc, WI",6/1/2013
Laughing Gull,3,DSCN6425laughing.jpg,,"Bolivar Peninsula, TX",8/13/2013
Franklin's Gull,3,DSCN2420 Franklin Gull.jpg,,"Davenport, IA",1/25/2013
Heermann's Gull,3,DSCN9242heermann.jpg,,"San Francisco, CA",12/13/2013
Mew Gull,3,DSCN9033mew.JPG,,"San Francisco, CA",12/10/2013
Ring-billed Gull,1,DSCN0743.jpg,,"Marquette, MI",6/6/2013
Western Gull,3,DSCN9180westerngull.jpg,,"San Francisco, CA",12/13/2013
Herring Gull,2,DSCN6488herring.jpg,,"Vernon Hills, IL",4/20/2013
Lesser Black-backed Gull,3,DSCN5276lesserblackbackedgull.JPG,,"LeClaire, IA",3/22/2013
Glaucous-winged Gull,3,DSCN9020glaucouswinged.jpg,,"San Francisco, CA",12/10/2013
Great Black-backed Gull,3,DSCN9280greater.jpg,,"Port Washington, WI",6/1/2013
Caspian Tern,2,DSCN3288caspian.jpg,,"Palatine, IL",7/27/2013
Black Tern,3,immatureblackternDSCN4172.jpg,immature,"Near Spirit Lake, ID",8/4/2013
Forster's Tern,3,DSCN9451forster.jpg,,"Manitowoc, WI",6/1/2013
Royal Tern,3,DSCN6599royal.jpg,,TX,8/13/2013
Black Skimmer,3,DSCN6575blackskimmer.jpg,,TX,8/13/2013
Rock Pigeon,1,DSCN0691crop rock pigeon.jpg,,"Chicago, IL",1/4/2013
Eurasian Collared-Dove,3,DSCN4061eurasiancollareddove.jpg,,"Golden, CO",3/7/2013
White-winged Dove,3,DSCN4996.jpg,,"Austin, TX",8/10/2013
Mourning Dove,1,DSCN8283mourning doves.jpg,,KY,5/20/2013
Yellow-billed Cuckoo,3,DSCN4900.jpg,,"Austin, TX",8/10/2013
Snowy Owl,1,DSCN9363snowy.jpg,,"Chicago, IL",12/20/2013
Barred Owl,1,DSCN7506crop.jpg,,"Davenport, IA",5/7/2013
Short-eared Owl,3,DSCN1861.jpg,,"Eldridge/Dewitt, IA",1/19/2013
Common Nighthawk,2,DSCN6231commonnighthawk.jpg,,TX,8/13/2013
Chimney Swift,2,DSCN9620chimneyswift.jpg,,"Danville, KY",5/20/2014
Ruby-throated Hummingbird,1,DSCN1123humming.jpg,,"Barrington Hills, IL",6/8/2013
Black-chinned Hummingbird,1,DSCN0480blackchinmale.jpg,male,"Spirit Lake, ID",7/7/2014
Black-chinned Hummingbird,1,DSCN0484blackchinfemale.jpg,female,"Spirit Lake, ID",7/7/2014
Anna's Hummingbird,3,DSCN9260hummingAnnas.jpg,,"San Francisco, CA",12/13/2013
Calliope Hummingbird,3,DSCN9488calliope.jpg,male,"Bozeman, MT",7/2/2014
Belted Kingfisher,1,DSCN2656kingfisher male.jpg,male,"Davenport, IA",1/26/2013
Red-headed Woodpecker,2,DSCN3306.JPG,,"Oregon, IL",2/17/2013
Red-bellied Woodpecker,2,DSCN3200redbllied.jpg,male,"Davenport, IA",2/16/2013
Red-bellied Woodpecker,2,DSCN0487crop red-bellied woodpecker female.jpg,female,"Barrington, IL",1/2/2013
Yellow-bellied Sapsucker,2,DSCN6295crop.JPG,male,"Davenport, IA",4/13/2013
Yellow-bellied Sapsucker,2,DSCN5977crop.jpg,female,"Davenport, IA",4/8/2013
Red-naped Sapsucker,2,DSCN4807.jpg,,"Spirit Lake, ID",8/8/2013
Ladder-backed Woodpecker,3,DSCN4987ladderback.jpg,,"Austin, TX",8/10/2013
Downy Woodpecker,2,DSCN0760downy.jpg,male,"Marquette, MI",6/6/2013
Hairy Woodpecker,2,DSCN5401hairy.jpg,,"Davenport, IA",3/23/2013
American Three-toed Woodpecker,3,threetoedDSCN3543.jpg,,"near Athol, ID",7/31/2013
Northern Flicker,2,DSCN4078northerflicker red.JPG,red-shafted,"Golden, Co",3/7/2013
Northern Flicker,2,DSCN1219.jpg,yellow-shafted,"Davenport, IA",6/11/2013
Pileated Woodpecker,1,DSCN0977pileated.jpg,male,"Harvey, MI",6/7/2013
Crested Caracara,3,DSCN5950caracara.jpg,,TX,8/13/2013
American Kestrel,2,DSCN8370kestrel.jpg,,"Davenport, IA",11/9/2013
Monk Parakeet,1,DSCN6715monk.jpg,,"Ausin, TX",8/14/2013
Olive-sided Flycatcher,3,DSCN9594olive.jpg,,"near Harvey, MI",6/2/2013
Eastern Wood-Pewee,3,DSCN7872woodpewee.jpg,,"Danville, KY",5/16/2013
Yellow-bellied Flycatcher,3,DSCN9565flycatcher.jpg,,"near Harvey, MI",6/2/2013
Willow Flycatcher,3,DSCN9363willow.jpg,,"Manitowoc, WI",6/1/2013
Least Flycatcher,3,DSCN7610leastflycatcher.jpg,,"Barrington Hills, IL",5/12/2013
Black Phoebe,3,DSCN9113blackphoebe.jpg,,"San Francisco, CA",12/10/2013
Eastern Phoebe,3,DSCN5920phoebe.jpg,,"Moline, IL",4/7/2013
Great Crested Flycatcher,3,DSCN1517.jpg,,"Davenport, IA",6/15/2013
Western Kingbird,3,DSCN4937.jpg,,"Austin, TX",8/10/2013
Eastern Kingbird,3,DSCN7076kingbird.jpg,,"near Beardstown, IL",4/28/2013
Scissor-tailed Flycatcher,2,DSCN5429.jpg,,"Leander,TX",8/11/2013
Loggerhead Shrike,3,DSCN7965shrike.jpg,,"Kissamee, FL",10/13/2013
Northern Shrike,3,DSCN1198_northern shrike.jpg,,"Barrington, IL",1/11/2013
White-eyed Vireo,3,DSCN9696whiteeyedvireo.jpg,,KY,5/22/2014
Cassin's Vireo,3,DSCN0221cassinsvireo.jpg,,"Spirit Lake, ID",7/5/2014
Blue-headed Vireo,3,DSCN7149_solitary_vireo.jpg,,"Davenport, IA",4/30/2013
Warbling Vireo,3,DSCN9151warblingvireo.jpg,,"Bettendorf, IA",5/12/2014
Red-eyed Vireo,3,DSCN0824red-eyed.jpg,,"near Marquette, MI",6/6/2013
Blue Jay,1,DSCN8891bluejay.jpg,,"Lexington, KY",5/25/2013
Western Scrub-Jay,3,DSCN9107westernscrubjay.jpg,,"San Francisco, CA",12/10/2013
Black-billed Magpie,2,DSCN3994magpie.jpg,,"Golden, CO",3/6/2013
American Crow,1,DSCN0971crop american crow.jpg,,"Northfield, MN",1/9/2013
Fish Crow,3,DSCN7558fishcrow.jpg,,"Winter Park, FL",10/11/2013
Common Raven,3,DSCN4777.jpg,,ID,8/7/2013
Horned Lark,2,DSCN8784hornedlark.jpg,,"near Beardstown, IL",11/28/2013
Northern Rough-winged Swallow,3,DSCN6629swallow.jpg,,"Libertyville, IL",4/20/2013
Purple Martin,2,DSCN9907martinmale.jpg,male,KY,5/26/2014
Purple Martin,2,DSCN9906martinfemale.jpg,female,KY,5/26/2014
Tree Swallow,1,DSCN9007.jpg,,"Barrington Hills, IL",5/28/2013
Violet-green Swallow,3,DSCN0247.jpg,,"Pinehurst, ID",7/6/2014
Barn Swallow,1,DSCN8729barnswallow.jpg,,"Perryville, KY",5/24/2013
Cliff Swallow,3,DSCN8681cliffswallow.jpg,,"Perryville, KY",5/24/2013
Carolina Chickadee,3,DSCN4504.jpg,,KY,3/14/2013
Black-capped Chickadee,1,DSCN0560crop black-capped chickadee.jpg,,"Barrington Hills, IL",1/2/2013
Mountain Chickadee,3,mountainchickadeeDSCN4725.jpg,,ID,8/7/2013
Chestnut-backed Chickadee,3,DSCN8971chestnut.jpg,,"San Francisco, CA",12/10/2013
Tufted Titmouse,2,DSCN2233.jpg,,IN,7/5/2013
Red-breasted Nuthatch,1,DSCN6500nuthatch.jpg,,"Vernon Hills, IL",4/20/2013
White-breasted Nuthatch,1,DSCN3444nuthatch.jpg,,"Davenport, IA",2/23/2013
Pygmy Nuthatch,2,pygmynuthatchDSCN3865.jpg,,"Spirit Lake, ID",8/3/2013
Brown Creeper,3,DSCN4433creeper.jpg,,"Danville, KY",3/13/2013
House Wren,2,DSCN1204housewren.jpg,,"Davenport, IA",6/11/2013
Carolina Wren,3,DSCN8089CarolinaWren.jpg,,"Perryville, KY",5/19/2013
Bewick's Wren,3,DSCN4954.jpg,,"Austin, TX",8/10/2013
Blue-gray Gnatcatcher,2,DSCN6780gnatcatcher.jpg,female,"near Beardstown, IL",4/26/2013
Golden-crowned Kinglet,3,DSCN9645.jpg,,KY,1/12/2014
Ruby-crowned Kinglet,3,DSCN6640ruby.jpg,male,"Libertyville, IL",4/20/2013
Ruby-crowned Kinglet,3,DSCN6281crop_femaleruby.JPG,female,"Davenport, IA",4/13/2013
Eastern Bluebird,1,DSCN7793malebluebird.jpg,male,"Danville, KY",5/14/2013
Eastern Bluebird,1,DSCN7796bluebirdfemale.jpg,female,"Danville, KY",5/14/2013
Eastern Bluebird,1,DSCN1278bluebirdyoung.jpg,young,"Muscatine, IA",6/13/2013
Western Bluebird,3,DSCN0375westernblemale.jpg,male,"near Athol, ID",7/7/2014
Western Bluebird,3,DSCN3848.jpg,immature,"Spirit Lake, ID",8/3/2013
Mountain Bluebird,3,DSCN0406mountainbluebirdmale.jpg,male,"near Athol, ID",7/7/2014
Mountain Bluebird,3,DSCN0400femalemountainbluebird.jpg,female,"near Athol, ID",7/7/2014
Townsend's Solitaire,3,DSCN4066townsend2.jpg,,"Golden, CO",3/7/2013
Swainson's Thrush,3,DSCN7588swainsons.jpg,,"Winter Park, FL",10/12/2013
Hermit Thrush,3,DSCN6316crop.JPG,,"Davenport, IA",4/13/2013
Wood Thrush,3,DSCN1311woodthrush.jpg,,"Muscatine, IA",6/13/2013
American Robin,1,DSCN5655robin.jpg,,"Lexington, KY",3/30/2013
American Robin,1,DSCN9331immaturerobin.jpg,immature,"Lexington, KY",5/17/2014
Gray Catbird,2,DSCN0040catbird.jpg,,"Davenport, IA",6/1/2014
Brown Thrasher,2,DSCN6774thrasher.jpg,,"near Beardstown, IL",4/26/2013
Northern Mockingbird,2,DSCN4330mocking.jpg,,"Danville, KY",3/12/2013
European Starling,1,DSCN1436EuropeanStarling.jpg,,"Davenport, IA",1/14/2013
European Starling,1,DSCN5241europeanimm.jpg,immature,"Leander, TX",8/11/2013
Cedar Waxwing,2,DSCN1117.jpg,,"Barrington Hills, IL",6/8/2013
Northern Waterthrush,3,DSCN7478northernwaterthrush.jpg,,"Winter Park, FL",10/10/2013
Black-and-white Warbler,3,DSCN7272.jpg,,IL,5/4/2013
Prothonotary Warbler,3,DSCN3043prothonotary_warbler.jpg,,"Davenport, IA",7/21/2013
MacGillivray's Warbler,3,DSCN0092macgillivray.jpg,,"Spirit Lake, ID",7/4/2014
Nashville Warbler,3,DSCN4780nashville.jpg,,"Spirit Lake, ID",8/8/2013
Common Yellowthroat,3,DSCN1186.jpg,,"Davenport, IA",6/10/2013
American Redstart,3,DSCN7110redstart.jpg,male,"Davenport, IA",4/30/2013
American Redstart,3,DSCN9511.jpg,female,"Marquette, MI",6/2/2013
Northern Parula,3,DSCN0782northernparula.jpg,,"near Marquette, MI",6/6/2013
Bay-breasted Warbler,3,DSCN7120crop.jpg,,"Cary, IL",9/22/2013
Blackburnian Warbler,3,DSCN0006.jpg,,"near Harvey, MI",6/4/2013
Yellow Warbler,3,DSCN9527.jpg,male,"Marquette, MI",6/2/2013
Black-throated Blue Warbler,3,DSCN7471blackthroatedblue.jpg,,"Winter Park, FL",10/10/2013
Palm Warbler,3,DSCN7439.jpg,,"Barrington, IL",5/5/2013
Pine Warbler,3,DSCN9679pine.jpg,,"near Marquette, MI",6/3/2013
Yellow-rumped Warbler,2,DSCN9537yellowrumped.jpg,Myrtle,"Harvey, MI",6/2/2013
Yellow-rumped Warbler,2,DSCN8912audobons.jpg,Audobon's,"San Francisco, CA",12/10/2013
Prairie Warbler,3,DSCN9702prairieWarbler.jpg,,KY,5/22/2014
Townsend's Warbler,3,DSCN8983townsends.jpg,male,"San Francisco, CA",12/10/2013
Townsend's Warbler,3,DSCN9105townsends.jpg,female,"San Francisco, CA",12/10/2013
Black-throated Green Warbler,3,DSCN0815black-throated.jpg,,"near Marquette, MI",6/6/2013
Wilson's Warbler,3,DSCN9632wilsons.jpg,,"Marquette, MI",6/2/2013
Yellow-breasted Chat,3,DSCN9670yellowchat.jpg,,KY,5/22/2014
Spotted Towhee,3,DSCN9438spottedtowhee.jpg,,"Painted Canyon, ND",7/1/2014
Eastern Towhee,3,towhee.jpg,male,KY,3/15/2013
American Tree Sparrow,3,DSCN0515crop american tree sparrow.jpg,,"Barrington Hills, IL",1/2/2013
Chipping Sparrow,2,DSCN8735chipping.jpg,,"Perryville, KY",5/24/2013
Clay-colored Sparrow,3,DSCN1718.jpg,,"Northfield, MN",6/23/2013
Field Sparrow,3,DSCN4699field.JPG,,"Danville, KY",3/16/2013
Lark Sparrow,3,DSCN9465larksparrow.jpg,,"Painted Canyon, ND",7/1/2014
Savannah Sparrow,3,DSCN7194Savannah.jpg,,"McHenry, IL",10/5/2013
Grasshopper Sparrow,3,DSCN8176grasshopper.jpg,,KY,5/20/2013
Fox Sparrow,3,DSCN6465fox.jpg,red,"Davenport, IA",4/14/2013
Fox Sparrow,3,DSCN9108sootyfox.jpg,sooty,"San Francisco, CA",12/10/2013
Song Sparrow,2,DSCN3267.jpg,,"Oregon, IL",2/17/2013
Swamp Sparrow,3,DSCN6310swamp.jpg,,"Davenport, IA",4/13/2013
White-throated Sparrow,3,DSCN4306.jpg,,KY,3/10/2013
White-crowned Sparrow,3,DSCN7094whitecrowned.jpg,,"Davenport, IA",4/30/2013
Golden-crowned Sparrow,3,DSCN8973yellowcrowned.jpg,,"San Francisco, CA",12/10/2013
Dark-eyed Junco,3,DSCN3440juncomale.jpg,slate-colored male,"Davenport, IA",2/23/2013
Dark-eyed Junco,3,DSCN3441junco female.jpg,slate-colored female,"Davenport, IA",2/23/2013
Dark-eyed Junco,3,DSCN4198junco.jpg,oregon-colored,"Denver, Co",3/9/2013
Summer Tanager,3,DSCN8437summertanager.jpg,male,KY,5/22/2013
Summer Tanager,3,DSCN0745summerimmaturemale.jpg,immature male,KY,6/8/2014
Scarlet Tanager,2,DSCN1338scarlet.jpg,male,"Muscatine, IA",6/13/2013
Western Tanager,2,DSCN0453westernfemale.jpg,female,"near Athol, ID",7/7/2014
Northern Cardinal,1,DSCN3452.JPG,male,"Davenport, IA",2/23/2013
Northern Cardinal,1,DSCN0417crop female northern cardinal.jpg,female,"Barrington, IL",12/29/2012
Rose-breasted Grosbeak,2,DSCN7645grosbeak.jpg,male,"Barrington Hills, IL",5/12/2013
Rose-breasted Grosbeak,2,DSCN7569femalegrosbeak.jpg,female,"Barrington Hills, IL",5/12/2013
Black-headed Grosbeak,2,DSCN0217blackheadedgrossbeak.jpg,,"Spirit Lake, ID",7/5/2014
Blue Grosbeak,3,DSCN8806bluegrosbeak.jpg,male,"Perryville, KY",5/24/2013
Blue Grosbeak,3,DSCN9309female blue grosbeak.jpg,female,"Perryville, KY",5/16/2014
Lazuli Bunting,3,DSCN0193lazuli.jpg,,"Spirit Lake, ID",7/5/2014
Indigo Bunting,2,DSCN7818indigobunting.jpg,male,"Danville, KY",5/15/2013
Indigo Bunting,3,DSCN9786indigo.jpg,first year male,KY,5/24/2014
Indigo Bunting,3,DSCN0743indigobunting.jpg,female,KY,6/8/2014
Painted Bunting,3,DSCN5261.jpg,,"Leander,TX",8/11/2013
Dickcissel,3,DSCN9536dickcissel.jpg,male,"Perryville, KY",5/18/2014
Bobolink,3,DSCN8762bobolink.jpg,male,"Perryville, KY",5/24/2013
Red-winged Blackbird,1,DSCN4985red-winged blackbird.JPG,male,"Davenport, IA",3/21/2013
Red-winged Blackbird,2,DSCN7292.jpg,female,IL,5/4/2013
Eastern Meadowlark,2,DSCN0043meadowlark.jpg,,"Barrington Hills, IL",5/3/2014
Western Meadowlark,3,meadowlarkDSCN4563.jpg,,"near Bonner's Ferry, ID",8/7/2013
Yellow-headed Blackbird,2,DSCN0058yellowheadedcrop.jpg,,"Hoffman Estates, IL",5/3/2014
Rusty Blackbird,3,DSCN0022rusty.jpg,,"Barrington Hills, IL",5/3/2014
Brewer's Blackbird,3,DSCN9127malebrewers.jpg,male,"San Francisco, CA",12/13/2013
Brewer's Blackbird,3,DSCN9138femalebrewers.jpg,female,"San Francisco, CA",12/13/2013
Common Grackle,1,DSCN5861grackle.jpg,,"Moline, IL",4/7/2013
Boat-tailed Grackle,3,DSCN6661boattailed.jpg,,TX,8/13/2013
Great-tailed Grackle,3,DSCN5406.jpg,male,"Austin, TX",8/11/2013
Great-tailed Grackle,3,DSCN4958.jpg,female,"Cedar Park, TX",8/10/2013
Brown-headed Cowbird,2,DSCN5416cowbird.jpg,male,"Davenport, IA",3/23/2013
Brown-headed Cowbird,2,DSCN6192crop.JPG,female,"Davenport, IA",4/13/2013
Orchard Oriole,3,DSCN9858orchard.jpg,male,KY,5/26/2014
Bullock's Oriole,3,DSCN0280oriole.jpg,male,"Pinehurst, ID",7/6/2014
Baltimore Oriole,2,DSCN9063oriole.jpg,male,"Barrington Hills, IL",5/28/2013
Cassin's Finch,3,cassinsfinchDSCN3693.jpg,male and female,"Spirit Lake, ID",8/1/2013
House Finch,1,DSCN1279.jpg,male,"Barrington, IL",1/12/2013
House Finch,1,DSCN0448crop female house finch.jpg,female,"Barrington, IL",12/29/2012
Red Crossbill,3,DSCN4769.jpg,male,ID,8/7/2013
Red Crossbill,3,DSCN4637.jpg,female,ID,8/7/2013
Lesser Goldfinch,3,DSCN4992.jpg,,"Austin, TX",8/10/2013
American Goldfinch,1,DSCN4634.JPG,"male, winter",KY,3/15/2013
American Goldfinch,1,DSCN7690.jpg,"male, summer","Barrington, IL",5/13/2013
Evening Grosbeak,3,grosbeakDSCN4824.jpg,,"Spirit Lake, ID",8/8/2013
House Sparrow,1,DSCN3242.JPG,male,"Oregon, IL",2/17/2013
House Sparrow,1,DSCN3025 female house sparrow.jpg,female,KY,2/9/2013
Eurasian Tree Sparrow,3,DSCN6790eurasian.jpg,,"Davenport, IA",4/26/2013
American Bittern,1,AmericanBittern_PublicDomain.jpg,,"near Stafford, KS",Unknown
